board,score,seedboard,perfectboard,fromboard,fromtype,timefound,wasrecord,upgraded,catagory
DGRPLNESAIMITTNLARESCEDPR,6053,N/R,DGREMNESAILITTNPARESMSCED,DGRPLNESAILITTNMARESPEDCR,N/A,N/R,True,False,C1
MSNEDPITERLARTSCENISSGDER,6539,N/A,MSDEPPITERLANTSCERISTSDEF,MSNGDPITERLARTSCENISTSDER,Refined,21/11/2025 02:47:09,True,False,C1
SEDEBCTRALLATIPRENSESGDER,6457,N/A,STNGSCIREDLATIMETNSPSREDA,SEDEBCTRALLATIMPENSESRDGR,Refined,21/11/2025 05:22:05,False,False,C1
SESIORCTNDEIAEGNDLRSGSEPT,5961,ZSNIYTTNQOLUVEOTSYGCTTJHY,TSERSSCTNDEIAEINDRLPGTERS,EESIORCTNDEIAEGNDLRSGSEPT,Refined,22/11/2025 12:52:16,False,False,C1
VEREDNISTRGNTAESEILPRDLSO,6153,YAIQSWIVUAUNZFHZZULDTEABI,MSDESAISTRGNTAESEILPRDLPS,VERESDISTRGNTAESEILPRDLSO,Refined,22/11/2025 16:00:48,False,False,C1
CSEDSERTNGRTAIESELPRDAPSU,6133,N/A,HSSEGECTNDIRAIEEPPLRDSAES,CSEDGERTNSRTAIESELPRDAPSU,Refined,22/11/2025 16:08:15,False,False,C1
DRERSETAPESTILPANEROGDIST,5827,KWTZFRTVBRSSFLJLPOBNANTSF,ESRESRTAPCSTILAENERSGDEST,DREMSETAPISTILEINERSGDEST,Refined,22/11/2025 19:11:07,False,False,C1
,,,,,,,,,
SPEDROLIRELCATSAETINDSROG,5775,N/A,PMEDRALINEECATSSRTINDEROG,SPEDRALIRELCATSKETINDSROG,Refined,21/11/2025 04:52:05,False,False,C1
MSRESIETIDNTRANSALEGMPCSD,6106,N/R,DSREDIETIMSTRANEACEGPLHSR,RSNESOETIDPTRANSALEGMICSD,Refined,22/11/2025 21:56:46,False,False,C1
DRSEBSETALLTRIPCANESHEDGR,6493,TFMOBAJSAEIBZCPBUNMUMAURM,SRDEBOETALPTRITSANESCEGDR,DRSEBEETALLTRIPSANESCEDGR,Refined,22/11/2025 23:44:06,False,False,C1
DMLPREIAESNRTSDATENISCIDG,6071,HDRZZXXUQSKSJXATCJUJWGOVW,DMLPREIAESNSTRSATENECRIDG,DMLPREIAESNRTSDATENESCIDG,Refined,23/11/2025 04:18:18,False,False,C1
ROSEDPERTSLATINCINEDTOGSR,6659,HFLEIOEROAVZJWMGHCUWQCMEQ,DSPEDPERISLACTSTINESSEDGR,DRSEAPERTSLATINCINEDTOGSR,Refined,23/11/2025 12:34:12,True,False,C1
BLDNGEAIESPRTSRSEATEDHCLD,6488,JVMNKEQYCELHLSDCOSKHSXPOO,HPRNGCAIESSLTSRPEATEDMRND,BLDNGEAIESPRTSRSEATEDHCLS,Refined,23/11/2025 20:51:34,False,False,C1