board, score, seedboard, perfectboard, fromboard, fromtype, timefound, wasrecord, upgraded, catagory
MSNGDPITERLARTSCENISTSDER, 6519, N/R, MSDEPPITERLANTSCERISTSDEF, MSDEPPITERLANTSCERISTSDEF, Perfect, N/R, True, True, Refined
SEDEBCTRALLATIMPENSESRDGR, 6228, N/R, STNGSCIREDLATIMETNSPSREDA, STUDSCTRPDAATISEFNSPSREDA, N/A, N/R, False, True, Refined
DGRPLNESAILITTNBARESMEDCR, 5883, N/A, DGREMNESAILITTNPARESMSCED, DGREMNESAILITTNPARESMSCED, Perfect, 21/11/2025 03:53:50, False, True, Refined
PMEDRALIRELCATSOETINDSROG, 5437, N/A, PMEDRALINEECATSSRTINDEROG, PMEDRALINEECATSSRTINDEROG, Perfect, 21/11/2025 04:45:16, False, True, Refined
PSEDROLIRELCATSAETINDSROG, 5695, N/A, PMEDRALINEECATSSRTINDEROG, PMEDRALIRELCATSOETINDSROG, Refined, 21/11/2025 04:48:26, False, True, Refined
SPEDRALIRELCATSKETINDSROG, 5767, N/A, PMEDRALINEECATSSRTINDEROG, PSEDROLIRELCATSAETINDSROG, Refined, 21/11/2025 04:50:05, False, True, Refined
SRSEGETTNDIRAIEECPLRDSAES, 5189, N/A, HSSEGECTNDIRAIEEPPLRDSAES, HSSEGECTNDIRAIEEPPLRDSAES, Perfect, 21/11/2025 09:36:37, False, True, Refined
RSSEGETTNDIRAIEECPLRDSAES, 5420, N/A, HSSEGECTNDIRAIEEPPLRDSAES, SRSEGETTNDIRAIEECPLRDSAES, Refined, 21/11/2025 09:37:23, False, True, Refined
RSSEGETTNDNRAIEIEPLRDSTOS, 5512, N/A, HSSEGECTNDIRAIEEPPLRDSAES, RSSEGETTNDIRAIEECPLRDSAES, Refined, 21/11/2025 10:55:34, False, True, Refined
RSSEGETTNDNRAIEIEPLRDSCAS, 5528, N/A, HSSEGECTNDIRAIEEPPLRDSAES, RSSEGETTNDNRAIEIEPLRDSTOS, Refined, 21/11/2025 10:57:24, False, True, Refined
RSSEGETTNDNRAIEIELPRDSCAS, 5609, N/A, HSSEGECTNDIRAIEEPPLRDSAES, RSSEGETTNDNRAIEIEPLRDSCAS, Refined, 21/11/2025 21:31:43, False, True, Refined
DSESGERTNDRTAIEAELPRDSCAS, 5904, N/A, HSSEGECTNDIRAIEEPPLRDSAES, RSSEGETTNDNRAIEIELPRDSCAS, Refined, 21/11/2025 22:04:32, False, True, Refined
DSESGERTNDRTAIESELPRDCPAS, 5998, N/A, HSSEGECTNDIRAIEEPPLRDSAES, DSESGERTNDRTAIEAELPRDSCAS, Refined, 21/11/2025 22:06:40, False, True, Refined
TSERSSCTNDEIAEINDRLMGSEPS, 5203, ZSNIYTTNQOLUVEOTSYGCTTJHY, TSERSSCTNDEIAEINDRLPGTERS, TSERSSCTNDEIAEINDRLPGTERS, Perfect, 22/11/2025 12:01:09, False, True, Refined
TSERUSCTNDEIAEINDRLMGSEPS, 5260, ZSNIYTTNQOLUVEOTSYGCTTJHY, TSERSSCTNDEIAEINDRLPGTERS, TSERSSCTNDEIAEINDRLMGSEPS, Refined, 22/11/2025 12:01:09, False, True, Refined
TSERUSCTNDEIAEINDRLSGSEPO, 5388, ZSNIYTTNQOLUVEOTSYGCTTJHY, TSERSSCTNDEIAEINDRLPGTERS, TSERUSCTNDEIAEINDRLMGSEPS, Refined, 22/11/2025 12:02:05, False, True, Refined
TSERSSCTNDEIAEINDLRMGSEPS, 5441, ZSNIYTTNQOLUVEOTSYGCTTJHY, TSERSSCTNDEIAEINDRLPGTERS, TSERUSCTNDEIAEINDRLSGSEPO, Refined, 22/11/2025 12:45:13, False, True, Refined
TSERUSCTNDEIAEINDLRMGSEPS, 5515, ZSNIYTTNQOLUVEOTSYGCTTJHY, TSERSSCTNDEIAEINDRLPGTERS, TSERSSCTNDEIAEINDLRMGSEPS, Refined, 22/11/2025 12:45:15, False, True, Refined
TSERUSCTNDEIAEINDLRSGSEPT, 5678, ZSNIYTTNQOLUVEOTSYGCTTJHY, TSERSSCTNDEIAEINDRLPGTERS, TSERUSCTNDEIAEINDLRMGSEPS, Refined, 22/11/2025 12:46:19, False, True, Refined
EESIORCTNDEIAEGNDLRSGSEPT, 5745, ZSNIYTTNQOLUVEOTSYGCTTJHY, TSERSSCTNDEIAEINDRLPGTERS, TSERUSCTNDEIAEINDLRSGSEPT, Refined, 22/11/2025 12:52:14, False, True, Refined
DGRPLNESAICITTNLARESBEDPR, 5905, N/A, DGREMNESAILITTNPARESMSCED, DGRPLNESAILITTNBARESMEDCR, Refined, 21/11/2025 04:09:00, False, True, Refined
GSEDGERTNSRTAIESELPRDCPAS, 6012, N/A, HSSEGECTNDIRAIEEPPLRDSAES, DSESGERTNDRTAIESELPRDCPAS, Refined, 21/11/2025 22:18:26, False, True, Refined
CSEDGERTNSRTAIESELPRDAPUS, 6029, N/A, HSSEGECTNDIRAIEEPPLRDSAES, GSEDGERTNSRTAIESELPRDCPAS, Refined, 22/11/2025 14:54:55, False, True, Refined
MSDESAISTRGNTAESEILPRDLPS, 5658, YAIQSWIVUAUNZFHZZULDTEABI, MSDESAISTRGNTAESEILPRDLPS, YAIQSWIVUAUNZFHZZULDTEABI, Seed, 22/11/2025 15:35:12, False, True, Refined
MERESAISTRGNTAESEILPRDLSO, 5873, YAIQSWIVUAUNZFHZZULDTEABI, MSDESAISTRGNTAESEILPRDLPS, MSDESAISTRGNTAESEILPRDLPS, Perfect, 22/11/2025 15:35:45, False, True, Refined
MERESDISTRGNTAESEILPRDLSO, 6073, YAIQSWIVUAUNZFHZZULDTEABI, MSDESAISTRGNTAESEILPRDLPS, MERESAISTRGNTAESEILPRDLSO, Refined, 22/11/2025 15:36:21, False, True, Refined
ESRESRTAPCSTILAENERSGDEST, 5239, KWTZFRTVBRSSFLJLPOBNANTSF, ESRESRTAPCSTILAENERSGDEST, KWTZFRTVBRSSFLJLPOBNANTSF, Seed, 22/11/2025 15:50:50, False, True, Refined
NERESATAPCSTILAENERSGDEST, 5342, KWTZFRTVBRSSFLJLPOBNANTSF, ESRESRTAPCSTILAENERSGDEST, ESRESRTAPCSTILAENERSGDEST, Perfect, 22/11/2025 15:55:15, False, True, Refined
VERESDISTRGNTAESEILPRDLSO, 6129, YAIQSWIVUAUNZFHZZULDTEABI, MSDESAISTRGNTAESEILPRDLPS, MERESDISTRGNTAESEILPRDLSO, Refined, 22/11/2025 15:36:56, False, True, Refined
CSEDGERTNSRTAIESELPRDAPSU, 6114, N/A, HSSEGECTNDIRAIEEPPLRDSAES, CSEDGERTNSRTAIESELPRDAPUS, Refined, 22/11/2025 14:56:38, False, True, Refined
RSRESETAPCSTILAENERSGDIST, 5427, KWTZFRTVBRSSFLJLPOBNANTSF, ESRESRTAPCSTILAENERSGDEST, NERESATAPCSTILAENERSGDEST, Refined, 22/11/2025 16:00:10, False, True, Refined
RNRESETAPCSTILAANERSCDGST, 5433, KWTZFRTVBRSSFLJLPOBNANTSF, ESRESRTAPCSTILAENERSGDEST, RSRESETAPCSTILAENERSGDIST, Refined, 22/11/2025 16:17:05, False, True, Refined
RNRESETAPCSTILAINERSGDEST, 5454, KWTZFRTVBRSSFLJLPOBNANTSF, ESRESRTAPCSTILAENERSGDEST, RNRESETAPCSTILAANERSCDGST, Refined, 22/11/2025 16:17:15, False, True, Refined
RSRESETAPCSTILAINERSGDEST, 5506, KWTZFRTVBRSSFLJLPOBNANTSF, ESRESRTAPCSTILAENERSGDEST, RNRESETAPCSTILAINERSGDEST, Refined, 22/11/2025 16:19:16, False, True, Refined
RSRESETAPPSTILAINERCGDEST, 5626, KWTZFRTVBRSSFLJLPOBNANTSF, ESRESRTAPCSTILAENERSGDEST, RSRESETAPCSTILAINERSGDEST, Refined, 22/11/2025 16:46:41, False, True, Refined
DREMSETAPPSTILAINERCGDEST, 5632, KWTZFRTVBRSSFLJLPOBNANTSF, ESRESRTAPCSTILAENERSGDEST, RSRESETAPPSTILAINERCGDEST, Refined, 22/11/2025 17:06:25, False, True, Refined
DREMSETAPISTILEINERSGDEST, 5782, KWTZFRTVBRSSFLJLPOBNANTSF, ESRESRTAPCSTILAENERSGDEST, DREMSETAPPSTILAINERCGDEST, Refined, 22/11/2025 17:06:41, False, True, Refined
DSRESEETIDNTRANSACEGPLHSD, 5879, N/R, DSREDIETIMSTRANEACEGPLHSR, DSREDIETIMSTRANEACEGPLHSR, Perfect, N/R, False, True, Refined
RSNESOETIDPTRANSACEGMLHSD, 6008, N/R, DSREDIETIMSTRANEACEGPLHSR, DSRESEETIDNTRANSACEGPLHSD, Refined, 22/11/2025 20:14:13, False, True, Refined
, , , , , , , , , 
RSNESOETIDPTRANSALEGMICSD, 6032, N/R, DSREDIETIMSTRANEACEGPLHSR, RSNESOETIDPTRANSACEGMLHSD, Refined, 22/11/2025 20:35:02, False, True, Refined
SRDEBOETALPTRITSANESCEGDR, 5737, TFMOBAJSAEIBZCPBUNMUMAURM, SRDEBOETALPTRITSANESCEGDR, TFMOBAJSAEIBZCPBUNMUMAURM, Seed, 22/11/2025 22:22:13, False, True, Refined
DRSEBOETALPTRITSANESCHGSD, 5998, TFMOBAJSAEIBZCPBUNMUMAURM, SRDEBOETALPTRITSANESCEGDR, SRDEBOETALPTRITSANESCEGDR, Perfect, 22/11/2025 22:24:51, False, True, Refined
DRSEBOETALPTRITSANESCHGDR, 6076, TFMOBAJSAEIBZCPBUNMUMAURM, SRDEBOETALPTRITSANESCEGDR, DRSEBOETALPTRITSANESCHGSD, Refined, 22/11/2025 22:27:05, False, True, Refined
DRSEBEETALLTRIPSANEDCHGSR, 6125, TFMOBAJSAEIBZCPBUNMUMAURM, SRDEBOETALPTRITSANESCEGDR, DRSEBOETALPTRITSANESCHGDR, Refined, 22/11/2025 22:29:14, False, True, Refined
DRSEBEETALLTRIPSANESCHGSR, 6239, TFMOBAJSAEIBZCPBUNMUMAURM, SRDEBOETALPTRITSANESCEGDR, DRSEBEETALLTRIPSANEDCHGSR, Refined, 22/11/2025 22:31:20, False, True, Refined
DRSEBIETALLTRIPSANESMEGDR, 6283, TFMOBAJSAEIBZCPBUNMUMAURM, SRDEBOETALPTRITSANESCEGDR, DRSEBEETALLTRIPSANESCHGSR, Refined, 22/11/2025 22:36:28, False, True, Refined
DRSEBIETALLTRIPSANESMEDGR, 6381, TFMOBAJSAEIBZCPBUNMUMAURM, SRDEBOETALPTRITSANESCEGDR, DRSEBIETALLTRIPSANESMEGDR, Refined, 22/11/2025 23:31:38, False, True, Refined
DRSEBEETALLTRIPSANESCEDGR, 6384, TFMOBAJSAEIBZCPBUNMUMAURM, SRDEBOETALPTRITSANESCEGDR, DRSEBIETALLTRIPSANESMEDGR, Refined, 22/11/2025 23:31:53, False, True, Refined
HPRNGCAIESSLTSRPEATEDMRND, 5618, JVMNKEQYCELHLSDCOSKHSXPOO, HPRNGCAIESSLTSRPEATEDMRND, JVMNKEQYCELHLSDCOSKHSXPOO, Seed, 23/11/2025 00:14:21, False, True, Refined
STRNGPAIESMLTSRSEATEDCRND, 5867, JVMNKEQYCELHLSDCOSKHSXPOO, HPRNGCAIESSLTSRPEATEDMRND, HPRNGCAIESSLTSRPEATEDMRND, Perfect, 23/11/2025 00:29:12, False, True, Refined
DMLPREIAESNSTRSATENECRIDG, 5921, HDRZZXXUQSKSJXATCJUJWGOVW, DMLPREIAESNSTRSATENECRIDG, HDRZZXXUQSKSJXATCJUJWGOVW, Seed, 23/11/2025 00:29:05, False, True, Refined
DMLPREIAESNSTRSATENEBLIDG, 5957, HDRZZXXUQSKSJXATCJUJWGOVW, DMLPREIAESNSTRSATENECRIDG, DMLPREIAESNSTRSATENECRIDG, Perfect, 23/11/2025 00:43:54, False, True, Refined
DCLPREIAESNSTRSATENEBLIDG, 5983, HDRZZXXUQSKSJXATCJUJWGOVW, DMLPREIAESNSTRSATENECRIDG, DMLPREIAESNSTRSATENEBLIDG, Refined, 23/11/2025 00:43:56, False, True, Refined
DMLPREIAESNRTSDATENESCIDG, 6062, HDRZZXXUQSKSJXATCJUJWGOVW, DMLPREIAESNSTRSATENECRIDG, DCLPREIAESNSTRSATENEBLIDG, Refined, 23/11/2025 04:18:16, False, True, Refined
SPRNGPAIESCLTSRSEATEDMRND, 5904, JVMNKEQYCELHLSDCOSKHSXPOO, HPRNGCAIESSLTSRPEATEDMRND, STRNGPAIESMLTSRSEATEDCRND, Refined, 23/11/2025 00:33:50, False, True, Refined
SPLNGEAIESCRTSRSEATEDMBLD, 6181, JVMNKEQYCELHLSDCOSKHSXPOO, HPRNGCAIESSLTSRPEATEDMRND, SPRNGPAIESCLTSRSEATEDMRND, Refined, 23/11/2025 04:23:18, False, True, Refined
SHDNGCAIESPRTSRSEATEDMBLD, 6274, JVMNKEQYCELHLSDCOSKHSXPOO, HPRNGCAIESSLTSRPEATEDMRND, SPLNGEAIESCRTSRSEATEDMBLD, Refined, 23/11/2025 04:36:50, False, True, Refined
SHDNGCAIESMRTSRSEATEDBLPS, 6309, JVMNKEQYCELHLSDCOSKHSXPOO, HPRNGCAIESSLTSRPEATEDMRND, SHDNGCAIESPRTSRSEATEDMBLD, Refined, 23/11/2025 04:43:04, False, True, Refined
HCDNGEAIESPRTSRSEATEDBLPS, 6374, JVMNKEQYCELHLSDCOSKHSXPOO, HPRNGCAIESSLTSRPEATEDMRND, SHDNGCAIESMRTSRSEATEDBLPS, Refined, 23/11/2025 04:54:32, False, True, Refined
BLDNGEAIESMRTSRSEATEDCLPS, 6376, JVMNKEQYCELHLSDCOSKHSXPOO, HPRNGCAIESSLTSRPEATEDMRND, HCDNGEAIESPRTSRSEATEDBLPS, Refined, 23/11/2025 05:17:55, False, True, Refined
BLDNGEAIESMRTSRSEATEHCLPS, 6403, JVMNKEQYCELHLSDCOSKHSXPOO, HPRNGCAIESSLTSRPEATEDMRND, BLDNGEAIESMRTSRSEATEDCLPS, Refined, 23/11/2025 05:17:57, False, True, Refined
DSPEDPERISLACTSTINESSEDGR, 5657, HFLEIOEROAVZJWMGHCUWQCMEQ, DSPEDPERISLACTSTINESSEDGR, HFLEIOEROAVZJWMGHCUWQCMEQ, Seed, 23/11/2025 05:41:35, False, True, Refined
SPDEPPERISLACTSTINESSEDGR, 5729, HFLEIOEROAVZJWMGHCUWQCMEQ, DSPEDPERISLACTSTINESSEDGR, DSPEDPERISLACTSTINESSEDGR, Perfect, 23/11/2025 05:46:21, False, True, Refined
SPDEMPERISLACTSTINESSEDGR, 5732, HFLEIOEROAVZJWMGHCUWQCMEQ, DSPEDPERISLACTSTINESSEDGR, SPDEPPERISLACTSTINESSEDGR, Refined, 23/11/2025 05:46:23, False, True, Refined
SIDERPERTSLATISCINEMSEDGR, 6432, HFLEIOEROAVZJWMGHCUWQCMEQ, DSPEDPERISLACTSTINESSEDGR, SPDEMPERISLACTSTINESSEDGR, Refined, 23/11/2025 06:04:47, False, True, Refined
SPDERPERTSLATISCINEDTOGSR, 6512, HFLEIOEROAVZJWMGHCUWQCMEQ, DSPEDPERISLACTSTINESSEDGR, SIDERPERTSLATISCINEMSEDGR, Refined, 23/11/2025 06:16:50, False, True, Refined
SPDERPERTSLATISCINEDSOGSR, 6514, HFLEIOEROAVZJWMGHCUWQCMEQ, DSPEDPERISLACTSTINESSEDGR, SPDERPERTSLATISCINEDTOGSR, Refined, 23/11/2025 06:16:51, False, True, Refined
SRDEAPERTSLATISCINEDSOGSR, 6517, HFLEIOEROAVZJWMGHCUWQCMEQ, DSPEDPERISLACTSTINESSEDGR, SPDERPERTSLATISCINEDSOGSR, Refined, 23/11/2025 06:20:38, False, True, Refined
DRSEAPERTSLATINCINEDTOGSR, 6586, HFLEIOEROAVZJWMGHCUWQCMEQ, DSPEDPERISLACTSTINESSEDGR, SRDEAPERTSLATISCINEDSOGSR, Refined, 23/11/2025 07:50:29, True, True, Refined
BLDNGEAIESDRTSRSEATEHCLPS, 6435, JVMNKEQYCELHLSDCOSKHSXPOO, HPRNGCAIESSLTSRPEATEDMRND, BLDNGEAIESMRTSRSEATEHCLPS, Refined, 23/11/2025 05:18:50, False, True, Refined
BLDNGEAIESPRTSRSEATEDHCLS, 6460, JVMNKEQYCELHLSDCOSKHSXPOO, HPRNGCAIESSLTSRPEATEDMRND, BLDNGEAIESDRTSRSEATEHCLPS, Refined, 23/11/2025 20:51:32, False, True, Refined